{
    "last_save": "15/11/2023 23:49:09",
    "product format": {
        "name": [
            "quantity",
            "buy_price",
            "sell_price"
        ]
    },
    "gross_income": 1022.0,
    "net_income": 511.0,
    "products": {
        "banana": [
            79,
            1.0,
            2.0
        ],
        "caco": [
            90,
            1.5,
            3.0
        ],
        "kiwi": [
            80,
            2.0,
            4.0
        ],
        "mela": [
            90,
            1.0,
            2.0
        ],
        "seitan": [
            90,
            2.5,
            5.0
        ],
        "tempeh": [
            100,
            1.75,
            3.15
        ],
        "tofu": [
            100,
            2.0,
            4.0
        ]
    }
}